trans_date_trans_time,cc_num,merchant,category,amt,lat,long,merch_lat,merch_long,unix_time,is_fraud
2023-01-01 00:00:00,4532117045436,MakeMyTrip,travel,597.23,15.900627402190793,79.74837562703358,15.580157292654892,79.03979021983461,1672531200,0
2023-01-01 08:00:00,4532117045436,Netflix,health_fitness,499.61,15.929501369534483,79.7318635464394,16.349484715346733,79.8433873899172,1672560000,0
2023-01-01 16:00:00,4532117045436,Zomato,gas_transport,447.79,15.921878885387605,79.75213731437725,15.850591101904936,80.44851020649081,1672588800,0
2023-01-02 00:00:00,4532117045436,MakeMyTrip,entertainment,569.46,15.910834328315687,79.73859957148058,15.32660419557363,80.0806697515928,1672617600,0
2023-01-02 08:00:00,4532117045436,Shell,food_dining,407.79,15.905791280695889,79.74888598880331,15.906164089167422,79.8171683435322,1672646400,0
2023-01-02 16:00:00,4532117045436,Zomato,grocery_pos,200.3,15.906208789188874,79.74734449033487,16.1081614487825,80.59596859790851,1672675200,0
2023-01-03 00:00:00,4532117045436,Zomato,food_dining,449.07,15.913642062138003,79.72961198171997,16.04053669370678,79.6474796386696,1672704000,0
2023-01-03 08:00:00,4532117045436,MakeMyTrip,entertainment,510.47,15.910605973972697,79.74502900404913,16.435848357747936,79.43022216248916,1672732800,0
2023-01-03 16:00:00,4532117045436,Amazon,entertainment,618.4,15.922405027552827,79.74326274670847,15.188871813979656,79.81691595803912,1672761600,0
2023-01-04 00:00:00,4532117045436,Shell,entertainment,233.82,15.909470241716974,79.74030311657494,15.491528704992529,80.12323368405579,1672790400,0
2023-01-04 08:00:00,4532117045436,MakeMyTrip,food_dining,431.56,15.917955018106115,79.73905628249965,16.23279366589777,78.88110295209586,1672819200,0
2023-01-04 16:00:00,4532117045436,Shell,travel,438.7,15.912610751158251,79.73914106750281,15.550265511019465,79.88243432174521,1672848000,0
2023-01-05 00:00:00,4532117045436,Shell,entertainment,284.81,15.91559669357397,79.74812689425643,16.033135624665103,80.14517250776815,1672876800,0
2023-01-05 08:00:00,4532117045436,Zomato,health_fitness,523.15,15.910599435644036,79.74577910513791,14.70302737629412,79.60517918735157,1672905600,0
2023-01-05 16:00:00,4532117045436,Netflix,food_dining,2859.69,15.919977155412496,79.74030478850266,29.26038953772577,76.00197835214279,1672934400,1
2023-01-06 00:00:00,4532117045436,Shell,entertainment,406.4,15.9201254008029,79.72508063853527,15.778040734221332,80.06059333120552,1672963200,0
2023-01-06 08:00:00,4532117045436,Apollo,health_fitness,758.26,15.917499290258222,79.74494443414083,16.50987812999414,80.81069155925553,1672992000,0
2023-01-06 16:00:00,4532117045436,Zomato,travel,402.1,15.918975143271496,79.74723613619177,15.744451087208255,79.36469855120939,1673020800,0
2023-01-07 00:00:00,4532117045436,Amazon,gas_transport,383.0,15.90345631222457,79.76300410085446,16.120249264365444,80.15535492524803,1673049600,0
2023-01-07 08:00:00,4532117045436,Netflix,travel,378.65,15.91613245762909,79.75075433063104,16.658859823172637,79.23133804610129,1673078400,0
2023-01-07 16:00:00,4532117045436,Apollo,entertainment,327.68,15.925392017674875,79.72100823612084,16.49580300960419,78.93231677436164,1673107200,0
2023-01-08 00:00:00,4532117045436,Apollo,food_dining,366.15,15.917814045670195,79.74078429399019,15.810672510157389,78.72223457859106,1673136000,0
2023-01-08 08:00:00,4532117045436,Amazon,shopping_net,4439.54,15.902592824971986,79.75811375028664,28.845345922525574,77.54702348110172,1673164800,1
2023-01-08 16:00:00,4532117045436,Netflix,entertainment,421.27,15.91240233490351,79.74623548856901,16.414683280091644,79.83212395697204,1673193600,0
2023-01-09 00:00:00,4532117045436,Zomato,shopping_net,458.62,15.916649779383398,79.74328652160372,17.079522202142652,79.50047447131912,1673222400,0
2023-01-09 08:00:00,4532117045436,Walmart,health_fitness,107.58,15.905326004831018,79.74900228658915,16.00904133719952,78.8532478330252,1673251200,0
2023-01-09 16:00:00,4532117045436,Netflix,gas_transport,434.71,15.899317288032767,79.73377621805008,16.89143182027082,79.39480668693065,1673280000,0
2023-01-10 00:00:00,4532117045436,Amazon,grocery_pos,456.32,15.909739021315636,79.74478089996627,15.792192794789898,79.74204650383773,1673308800,0
2023-01-10 08:00:00,4532117045436,Apollo,travel,527.19,15.905491675920324,79.73749531961008,16.388880181754903,80.13658468339655,1673337600,0
2023-01-10 16:00:00,4532117045436,Zomato,gas_transport,630.7,15.912757109686101,79.73980376514189,16.463477881123644,79.73173212487619,1673366400,0
2023-01-11 00:00:00,4532117045436,Netflix,entertainment,577.7,15.896985953525038,79.74828454515695,15.707919748073614,79.86603017135263,1673395200,0
2023-01-11 08:00:00,4532117045436,Walmart,shopping_net,356.95,15.918547010625362,79.73073286897507,15.53936096034918,79.55193380951293,1673424000,0
2023-01-11 16:00:00,4532117045436,Walmart,travel,339.54,15.906553949647067,79.75287982473802,16.485594594273678,80.61461210126357,1673452800,0
2023-01-12 00:00:00,4532117045436,Shell,shopping_net,536.93,15.922857522366813,79.73577188038914,15.647121531378472,79.23087517783588,1673481600,0
2023-01-12 08:00:00,4532117045436,Shell,food_dining,367.91,15.910131011602036,79.7426066283315,15.4657250436623,79.39038089135744,1673510400,0
2023-01-12 16:00:00,4532117045436,MakeMyTrip,shopping_net,265.79,15.912646109536155,79.72599492039724,15.570920249100451,79.49382096300324,1673539200,0
2023-01-13 00:00:00,4532117045436,Amazon,food_dining,806.12,15.911169651213031,79.74719837290871,15.645093330787295,80.01135219898836,1673568000,0
2023-01-13 08:00:00,4532117045436,Netflix,health_fitness,403.39,15.906018403098997,79.75446503935946,16.34120855231284,79.22057010510656,1673596800,0
2023-01-13 16:00:00,4532117045436,Netflix,travel,356.02,15.937622794622728,79.73485358450782,16.170421336638093,79.807859295274,1673625600,0
2023-01-14 00:00:00,4532117045436,MakeMyTrip,travel,121.18,15.907941338219928,79.72889776613489,16.270729122378945,79.82245507171328,1673654400,0
2023-01-14 08:00:00,4532117045436,Apollo,grocery_pos,3307.35,15.923135215224658,79.74277983064742,26.46151645539082,77.57066106124702,1673683200,1
2023-01-14 16:00:00,4532117045436,Apollo,entertainment,301.81,15.901963710539366,79.75454810644992,15.61597991887668,79.90498973047842,1673712000,0
2023-01-15 00:00:00,4532117045436,MakeMyTrip,food_dining,454.29,15.916621313910932,79.72550143434519,16.261451427954135,79.23609305063128,1673740800,0
2023-01-15 08:00:00,4532117045436,Apollo,grocery_pos,595.29,15.917688721639319,79.72893691818771,16.504126913302652,79.18146292876912,1673769600,0
2023-01-15 16:00:00,4532117045436,Shell,shopping_net,304.16,15.912658230229018,79.73545810441688,16.205151608059655,79.78980287826072,1673798400,0
2023-01-16 00:00:00,4532117045436,Netflix,shopping_net,461.92,15.907189952803606,79.73179656175469,16.137727953312925,78.91012220726097,1673827200,0
2023-01-16 08:00:00,4532117045436,MakeMyTrip,grocery_pos,678.57,15.910266780973862,79.7318281453339,15.529372746714662,78.66759864872488,1673856000,0
2023-01-16 16:00:00,4532117045436,Netflix,travel,81.49,15.908867104980269,79.71905879372336,16.01880853948724,80.00641665039839,1673884800,0
2023-01-17 00:00:00,4532117045436,Walmart,shopping_net,328.42,15.936920262818354,79.74589056947406,15.50277933527565,80.26448497129557,1673913600,0
2023-01-17 08:00:00,4532117045436,Shell,health_fitness,314.32,15.912673969105553,79.7433872050287,15.900886070959698,79.50659844065373,1673942400,0
2023-01-17 16:00:00,4532117045436,Zomato,health_fitness,421.96,15.91814888778664,79.72301150800196,15.092766680387342,79.4059646739511,1673971200,0
2023-01-18 00:00:00,4532117045436,Shell,grocery_pos,442.83,15.930716250904254,79.75457195759955,15.096620798503954,80.24276761298728,1674000000,0
2023-01-18 08:00:00,4532117045436,MakeMyTrip,food_dining,290.81,15.904136813320259,79.7568109231493,15.817376155026485,79.16723089100053,1674028800,0
2023-01-18 16:00:00,4532117045436,Zomato,food_dining,351.84,15.91327660233168,79.73249094450219,15.638680164086505,79.05831368763941,1674057600,0
2023-01-19 00:00:00,4532117045436,Walmart,grocery_pos,334.02,15.910208138683187,79.75166548590977,15.966293596737087,80.09381821185424,1674086400,0
2023-01-19 08:00:00,4532117045436,MakeMyTrip,food_dining,397.38,15.912038615545168,79.73427002195008,15.845515710442442,79.74451909325614,1674115200,0
2023-01-19 16:00:00,4532117045436,Amazon,travel,482.73,15.911109880328826,79.7418111651021,15.927995393605078,80.27243836964512,1674144000,0
2023-01-20 00:00:00,4532117045436,Netflix,travel,586.58,15.905581229143698,79.73164237864978,16.21720372117837,78.66986706061101,1674172800,0
2023-01-20 08:00:00,4532117045436,Walmart,food_dining,608.3,15.914854102849967,79.76214251523461,15.681265522169584,79.03966300444071,1674201600,0
2023-01-20 16:00:00,4532117045436,Netflix,health_fitness,548.05,15.902273672225839,79.73703982772669,15.80317809417757,79.74716602992207,1674230400,0
2023-01-21 00:00:00,4532117045436,Apollo,food_dining,318.9,15.922788827373092,79.74126449022823,16.640410611381583,79.94883684924189,1674259200,0
2023-01-21 08:00:00,4532117045436,Amazon,travel,449.51,15.919133098066547,79.73312062612536,15.914442063412514,80.16349854384472,1674288000,0
2023-01-21 16:00:00,4532117045436,Amazon,gas_transport,806.15,15.90796537183636,79.75861315597236,15.823294762687306,79.82740888440438,1674316800,0
2023-01-22 00:00:00,4532117045436,Walmart,entertainment,602.18,15.908450166786261,79.75886614646089,15.954156349661595,79.82232757767927,1674345600,0
2023-01-22 08:00:00,4532117045436,Amazon,shopping_net,383.92,15.915655105623483,79.75630929181263,15.832217813495236,79.5452992284849,1674374400,0
2023-01-22 16:00:00,4532117045436,Zomato,gas_transport,687.31,15.904914546843939,79.74956440348348,15.558113853523388,80.53545245245225,1674403200,0
2023-01-23 00:00:00,4532117045436,Amazon,food_dining,6753.15,15.93101980124135,79.73375210453065,29.969342801105498,77.54755287628592,1674432000,1
2023-01-23 08:00:00,4532117045436,Netflix,health_fitness,349.74,15.916479257286918,79.74827850095961,15.531184329924997,79.91951007627796,1674460800,0
2023-01-23 16:00:00,4532117045436,Netflix,grocery_pos,659.36,15.916832631513838,79.73992957201075,16.349359593385394,79.24609558270599,1674489600,0
2023-01-24 00:00:00,4532117045436,MakeMyTrip,food_dining,253.55,15.919714450803573,79.75312408621743,15.597947372640794,80.0073892729025,1674518400,0
2023-01-24 08:00:00,4532117045436,Netflix,health_fitness,162.93,15.9071053672593,79.75115902053365,15.835437699081861,79.22149121530612,1674547200,0
2023-01-24 16:00:00,4532117045436,MakeMyTrip,entertainment,591.19,15.923790099817849,79.73350734421923,16.26326814256645,80.11190784925023,1674576000,0
2023-01-25 00:00:00,4532117045436,Netflix,food_dining,454.15,15.914045333662155,79.74947825802836,15.773704414594512,79.79605247341226,1674604800,0
2023-01-25 08:00:00,4532117045436,Zomato,travel,469.1,15.92240145470999,79.74682034450043,16.229580657421828,80.61231958662934,1674633600,0
2023-01-25 16:00:00,4532117045436,MakeMyTrip,grocery_pos,395.79,15.910920468734318,79.71226437137086,15.142503478784567,79.5994901763642,1674662400,0
2023-01-26 00:00:00,4532117045436,Shell,health_fitness,414.23,15.926072782267312,79.74800936639629,15.846641660229052,79.95248305812376,1674691200,0
2023-01-26 08:00:00,4532117045436,Apollo,health_fitness,381.28,15.916913436270248,79.7356820421136,15.952348048299255,79.35017185976965,1674720000,0
2023-01-26 16:00:00,4532117045436,Walmart,health_fitness,356.1,15.934725070241772,79.73113957545668,15.924469361549084,79.59605349677935,1674748800,0
2023-01-27 00:00:00,4532117045436,Netflix,entertainment,392.71,15.909204783831779,79.73156739395706,15.086440651080558,79.79287473972217,1674777600,0
2023-01-27 08:00:00,4532117045436,Amazon,food_dining,5560.77,15.914945493960907,79.73864757104367,30.117319828429,76.0271258745792,1674806400,1
2023-01-27 16:00:00,4532117045436,Netflix,entertainment,2539.26,15.902584237531299,79.74480059580087,29.27931682369178,76.92096112607793,1674835200,1
2023-01-28 00:00:00,4532117045436,Amazon,shopping_net,368.22,15.907607017624539,79.72634537977807,16.080418562631234,80.03992964991782,1674864000,0
2023-01-28 08:00:00,4532117045436,Apollo,shopping_net,74.59,15.91908686547848,79.74189847836212,15.916882141323665,79.66695658923416,1674892800,0
2023-01-28 16:00:00,4532117045436,Apollo,food_dining,552.7,15.924193244375395,79.74576758066192,16.41475476190534,79.44353673347598,1674921600,0
2023-01-29 00:00:00,4532117045436,Apollo,travel,508.54,15.942550103517208,79.75861805783669,17.006644414687102,79.37150690979162,1674950400,0
2023-01-29 08:00:00,4532117045436,Amazon,entertainment,5152.82,15.911933710933768,79.72923309830774,29.495307528923572,76.26349312005728,1674979200,1
2023-01-29 16:00:00,4532117045436,Netflix,grocery_pos,485.6,15.903567865923545,79.73650387813221,15.588443059363751,79.79627535750411,1675008000,0
2023-01-30 00:00:00,4532117045436,Apollo,health_fitness,491.04,15.920433257603772,79.74261662972695,16.007446246919528,79.96251793205809,1675036800,0
2023-01-30 08:00:00,4532117045436,Zomato,health_fitness,341.4,15.901621727794987,79.75147409330191,15.360223341223605,78.69394638518739,1675065600,0
2023-01-30 16:00:00,4532117045436,MakeMyTrip,food_dining,370.11,15.918542773880269,79.73695776118828,16.30399130397788,80.44641702838494,1675094400,0
2023-01-31 00:00:00,4532117045436,Amazon,travel,529.25,15.907877442838059,79.7519864137199,16.334586311078528,80.410850381471,1675123200,0
2023-01-31 08:00:00,4532117045436,Amazon,shopping_net,481.13,15.915015949703804,79.72062637683523,16.19262453799752,78.57467261822654,1675152000,0
2023-01-31 16:00:00,4532117045436,Netflix,shopping_net,756.5,15.923810461021647,79.72746651806878,16.0311908754381,80.28296334816139,1675180800,0
2023-02-01 00:00:00,4532117045436,Amazon,health_fitness,692.94,15.911792665709193,79.74348644344333,16.597754388984892,80.26760942566551,1675209600,0
2023-02-01 08:00:00,4532117045436,Amazon,food_dining,589.95,15.922228790843286,79.72589175501912,15.335087259165569,79.74022274709377,1675238400,0
2023-02-01 16:00:00,4532117045436,Apollo,entertainment,335.74,15.921631585486193,79.72825529473232,15.945534097671278,79.09141568905756,1675267200,0
2023-02-02 00:00:00,4532117045436,Netflix,shopping_net,5605.47,15.89425668471691,79.73472223135754,30.55511743646375,78.62753134514804,1675296000,1
2023-02-02 08:00:00,4532117045436,Apollo,entertainment,299.69,15.903883992539646,79.74771438991915,16.357858166282586,79.61938446685132,1675324800,0
2023-02-02 16:00:00,4532117045436,MakeMyTrip,travel,491.96,15.897281931386045,79.72104035158692,14.996229417746784,80.01443942190947,1675353600,0
2023-02-03 00:00:00,4532117045436,MakeMyTrip,shopping_net,38.86,15.932917371025303,79.74170298362162,15.898858067203511,80.84960063598088,1675382400,0
2023-02-03 08:00:00,4532117045436,Apollo,shopping_net,381.21,15.911846080745628,79.75032963947152,16.080519343534974,79.86591837531181,1675411200,0
2023-02-03 16:00:00,4532117045436,MakeMyTrip,gas_transport,403.99,15.930708292129667,79.7380505479157,15.439153932513113,79.28155765414071,1675440000,0
2023-02-04 00:00:00,4532117045436,Netflix,shopping_net,221.36,15.896570477194581,79.73631169770407,15.599804983889218,79.57213450254014,1675468800,0
2023-02-04 08:00:00,4532117045436,Walmart,grocery_pos,2006.67,15.907172315754515,79.74401771282558,27.752196929743743,78.27037096487314,1675497600,1
2023-02-04 16:00:00,4532117045436,Apollo,food_dining,279.13,15.92090498241766,79.73807888947277,16.39044818972074,79.95674485872425,1675526400,0
2023-02-05 00:00:00,4532117045436,Zomato,food_dining,490.16,15.914692746044267,79.7539049978124,15.396465385706474,79.33696622062509,1675555200,0
2023-02-05 08:00:00,4532117045436,Zomato,entertainment,867.57,15.918228598928135,79.72888586987865,15.483675029812657,79.50357428882518,1675584000,0
2023-02-05 16:00:00,4532117045436,Amazon,travel,208.35,15.900361917662067,79.73948355844834,16.475693885520172,79.09778481279619,1675612800,0
2023-02-06 00:00:00,4532117045436,MakeMyTrip,shopping_net,7401.58,15.92666803492879,79.7420568637496,27.697625899436275,78.34631454236474,1675641600,1
2023-02-06 08:00:00,4532117045436,Zomato,grocery_pos,388.88,15.920670160957574,79.73621545948153,15.524130480077512,79.82837739665102,1675670400,0
2023-02-06 16:00:00,4532117045436,Amazon,entertainment,359.7,15.916916255054915,79.71128717337042,16.277242398608458,78.39760597644126,1675699200,0
2023-02-07 00:00:00,4532117045436,Walmart,gas_transport,564.04,15.906043897189182,79.73839095091951,15.668801501383877,79.8697867807401,1675728000,0
2023-02-07 08:00:00,4532117045436,Netflix,entertainment,615.95,15.91613800127606,79.74900176986912,16.426610767669388,79.7171498844516,1675756800,0
2023-02-07 16:00:00,4532117045436,Netflix,entertainment,565.75,15.909985100210065,79.74778109186126,15.581039811510145,79.35750402562194,1675785600,0
2023-02-08 00:00:00,4532117045436,Netflix,shopping_net,341.5,15.896395087899624,79.7435477848217,15.833102719087503,80.75431446213493,1675814400,0
2023-02-08 08:00:00,4532117045436,Zomato,gas_transport,815.08,15.912395771482785,79.7290213764165,16.385385832694368,80.21923826380237,1675843200,0
2023-02-08 16:00:00,4532117045436,Walmart,entertainment,5001.67,15.911332696017775,79.74395309462459,27.709285625006235,76.99733301806883,1675872000,1
2023-02-09 00:00:00,4532117045436,Zomato,grocery_pos,295.11,15.923524015098751,79.73426562178457,16.290926661039325,80.15911843978556,1675900800,0
2023-02-09 08:00:00,4532117045436,MakeMyTrip,grocery_pos,475.46,15.890555735576859,79.74353482905948,15.880126196609497,80.36224903801052,1675929600,0
2023-02-09 16:00:00,4532117045436,Zomato,food_dining,463.41,15.915251998288548,79.74121505011401,16.903745903200015,79.80601046130877,1675958400,0
2023-02-10 00:00:00,4532117045436,Walmart,gas_transport,523.21,15.901344319518943,79.73023624728717,16.697289302051423,79.92072101847366,1675987200,0
2023-02-10 08:00:00,4532117045436,Walmart,gas_transport,687.02,15.916092233421956,79.73107544160642,15.248851868783127,79.90917333346079,1676016000,0
2023-02-10 16:00:00,4532117045436,MakeMyTrip,food_dining,432.02,15.916642800555774,79.74355022454421,16.174021840624004,78.69709207053835,1676044800,0
2023-02-11 00:00:00,4532117045436,Walmart,entertainment,467.06,15.912031552228699,79.73778886904711,15.50469800694948,79.6465652015748,1676073600,0
2023-02-11 08:00:00,4532117045436,Walmart,gas_transport,360.82,15.92097293124811,79.73159718569342,16.008653469396364,79.62054357900799,1676102400,0
2023-02-11 16:00:00,4532117045436,Netflix,grocery_pos,538.25,15.900442339409004,79.73077169810273,15.947085314655132,80.45507781827993,1676131200,0
2023-02-12 00:00:00,4532117045436,MakeMyTrip,grocery_pos,402.23,15.923977204502817,79.73696169152014,15.385206491453756,79.90686393178093,1676160000,0
2023-02-12 08:00:00,4532117045436,Shell,shopping_net,402.14,15.90581921133806,79.75568104794718,16.442142271765164,79.59119451894165,1676188800,0
2023-02-12 16:00:00,4532117045436,Shell,gas_transport,531.52,15.897341013495101,79.73473921967788,16.01455147178454,79.6949376295045,1676217600,0
2023-02-13 00:00:00,4532117045436,Walmart,entertainment,605.24,15.910176040295003,79.73985980461742,15.77055848216371,80.25169279081369,1676246400,0
2023-02-13 08:00:00,4532117045436,Shell,food_dining,118.78,15.8919484247732,79.74101644287688,15.693845087878204,79.64770766837734,1676275200,0
2023-02-13 16:00:00,4532117045436,Shell,food_dining,504.12,15.915441738922462,79.72868973608507,15.982788484883118,79.39090223345418,1676304000,0
2023-02-14 00:00:00,4532117045436,Walmart,entertainment,409.47,15.910307495574198,79.72237167516157,16.116862508757144,79.60214890353956,1676332800,0
2023-02-14 08:00:00,4532117045436,Shell,travel,592.14,15.92523686921376,79.72973359265264,15.850412106820867,80.21034807191134,1676361600,0
2023-02-14 16:00:00,4532117045436,Zomato,health_fitness,412.48,15.919389242105071,79.74247077377805,14.496640214611896,79.98808245279896,1676390400,0
2023-02-15 00:00:00,4532117045436,Amazon,shopping_net,645.16,15.89898003662812,79.74087331057915,15.921345358121242,79.76213398667456,1676419200,0
2023-02-15 08:00:00,4532117045436,MakeMyTrip,food_dining,348.54,15.904516125088822,79.7470240656915,15.192158969195113,79.83576964972241,1676448000,0
2023-02-15 16:00:00,4532117045436,Amazon,gas_transport,115.45,15.918106644205343,79.74096749894959,15.808173717175462,79.46012876320225,1676476800,0
2023-02-16 00:00:00,4532117045436,Walmart,shopping_net,607.74,15.92137079009985,79.73890450708531,15.21061787146518,79.64302529977867,1676505600,0
2023-02-16 08:00:00,4532117045436,Netflix,gas_transport,323.47,15.92512500914887,79.73395987725074,15.204651182460267,79.40834783911274,1676534400,0
2023-02-16 16:00:00,4532117045436,MakeMyTrip,travel,212.96,15.925045092853054,79.74884606789863,16.530460910974263,79.59261035785012,1676563200,0
2023-02-17 00:00:00,4532117045436,Walmart,grocery_pos,452.41,15.912004773897522,79.73080819861279,15.752854009527805,80.41308913181331,1676592000,0
2023-02-17 08:00:00,4532117045436,Netflix,shopping_net,414.12,15.916526556222513,79.72889600482704,15.714568920089041,79.2010640943114,1676620800,0
2023-02-17 16:00:00,4532117045436,Amazon,food_dining,573.47,15.925887385039438,79.74567055517387,16.154162024414298,79.39564116678854,1676649600,0
2023-02-18 00:00:00,4532117045436,Walmart,shopping_net,583.86,15.909866915380642,79.72666842689345,15.727604738463775,79.11285056853212,1676678400,0
2023-02-18 08:00:00,4532117045436,MakeMyTrip,shopping_net,464.34,15.916697261869402,79.76414790998658,16.964803046063704,79.0045456214062,1676707200,0
2023-02-18 16:00:00,4532117045436,MakeMyTrip,shopping_net,317.28,15.909631192203204,79.74079993380559,15.776390119636991,79.64661404290234,1676736000,0
2023-02-19 00:00:00,4532117045436,Apollo,health_fitness,5971.01,15.907390518855346,79.74347906116324,29.490355645502937,78.97018812486738,1676764800,1
2023-02-19 08:00:00,4532117045436,Zomato,shopping_net,474.78,15.913383851182859,79.73191580175477,16.398370665688432,80.62084446539609,1676793600,0
2023-02-19 16:00:00,4532117045436,Shell,gas_transport,535.34,15.906024565486604,79.73684735155759,16.714026612803455,79.5985767269111,1676822400,0
2023-02-20 00:00:00,4532117045436,Netflix,grocery_pos,318.78,15.911590840272304,79.73573242883117,15.54189693217118,80.38469843171501,1676851200,0
2023-02-20 08:00:00,4532117045436,Apollo,travel,2416.36,15.90255045135468,79.7345816501233,29.786656845267444,76.5812660939155,1676880000,1
2023-02-20 16:00:00,4532117045436,Shell,entertainment,526.41,15.911000056128177,79.74632961751509,16.55019593764676,79.63552292238799,1676908800,0
2023-02-21 00:00:00,4532117045436,Shell,shopping_net,637.1,15.917383902936159,79.73550423961774,16.317931152026347,80.79506779104281,1676937600,0
2023-02-21 08:00:00,4532117045436,Walmart,food_dining,594.89,15.907012364637932,79.75017501229084,16.45048796783423,79.8742669932324,1676966400,0
2023-02-21 16:00:00,4532117045436,Shell,shopping_net,462.31,15.91299291752531,79.7666318235012,15.228547728220166,80.49650463300199,1676995200,0
2023-02-22 00:00:00,4532117045436,Zomato,food_dining,376.89,15.914293425936213,79.73704458759853,16.68689987696201,80.43829844579062,1677024000,0
2023-02-22 08:00:00,4532117045436,MakeMyTrip,gas_transport,510.57,15.917425348918213,79.74152315513577,15.532196228357598,79.94732399255238,1677052800,0
2023-02-22 16:00:00,4532117045436,Apollo,food_dining,286.29,15.911564201586948,79.74379482057165,16.009046489070947,80.11556542390292,1677081600,0
2023-02-23 00:00:00,4532117045436,Shell,entertainment,327.45,15.92375866341868,79.75811504812593,15.838788561204115,80.05203570755974,1677110400,0
2023-02-23 08:00:00,4532117045436,Walmart,grocery_pos,4045.75,15.891890811385482,79.73917352214961,27.73557692282026,74.72119134346492,1677139200,1
2023-02-23 16:00:00,4532117045436,Zomato,food_dining,510.31,15.942277528471678,79.73170983080341,15.206632118289498,79.7686451772265,1677168000,0
2023-02-24 00:00:00,4532117045436,Amazon,food_dining,397.87,15.904188662359624,79.72733659494374,15.040975941683552,80.27712361697232,1677196800,0
2023-02-24 08:00:00,4532117045436,MakeMyTrip,grocery_pos,574.37,15.916933900233541,79.73942016052567,15.972409203026988,80.50309315868083,1677225600,0
2023-02-24 16:00:00,4532117045436,MakeMyTrip,entertainment,643.05,15.903515320897942,79.73551619780946,15.150240454883273,79.37968016408402,1677254400,0
2023-02-25 00:00:00,4532117045436,Apollo,shopping_net,383.3,15.919342681595094,79.760100092893,15.345992202456559,80.00441565090651,1677283200,0
2023-02-25 08:00:00,4532117045436,MakeMyTrip,food_dining,385.89,15.91566569152595,79.75769862420677,15.803882060900891,79.81543510663876,1677312000,0
2023-02-25 16:00:00,4532117045436,Shell,grocery_pos,367.1,15.90639286462655,79.72965627172076,14.593495749870051,79.6810629677092,1677340800,0
2023-02-26 00:00:00,4532117045436,Walmart,gas_transport,594.58,15.923630873454103,79.73289239896451,16.302389856022,79.91800131461251,1677369600,0
2023-02-26 08:00:00,4532117045436,MakeMyTrip,grocery_pos,3774.94,15.911260391203982,79.74073770107887,29.16795777111591,78.30982139842261,1677398400,1
2023-02-26 16:00:00,4532117045436,MakeMyTrip,gas_transport,657.89,15.91837215938057,79.75397226422558,15.874213804333614,80.01070378443629,1677427200,0
2023-02-27 00:00:00,4532117045436,Amazon,entertainment,601.29,15.90372840194804,79.74057013136371,15.920409613297146,80.46085838047502,1677456000,0
2023-02-27 08:00:00,4532117045436,Amazon,shopping_net,205.17,15.912591123644285,79.73352759362011,16.181930860090905,80.13206379543234,1677484800,0
2023-02-27 16:00:00,4532117045436,Netflix,grocery_pos,492.14,15.932934072671822,79.73941118190096,15.892059598805053,79.89529562943635,1677513600,0
2023-02-28 00:00:00,4532117045436,Zomato,travel,291.24,15.922529655291141,79.73371515136104,16.92185398191662,80.67231252841154,1677542400,0
2023-02-28 08:00:00,4532117045436,Shell,travel,373.06,15.915976207554511,79.74602477209439,16.021058440784252,80.29496479794017,1677571200,0
2023-02-28 16:00:00,4532117045436,MakeMyTrip,health_fitness,475.59,15.908410791723902,79.73290966288334,16.43970619962183,79.69380078069833,1677600000,0
2023-03-01 00:00:00,4532117045436,MakeMyTrip,food_dining,575.33,15.91357498535875,79.73489563947572,15.551168595564857,79.13143979882354,1677628800,0
2023-03-01 08:00:00,4532117045436,Walmart,entertainment,316.37,15.914875659901725,79.75161933813456,15.973278403094735,79.24608465953976,1677657600,0
2023-03-01 16:00:00,4532117045436,Netflix,grocery_pos,101.29,15.917392284349198,79.73231635052686,16.686685047514462,80.20661622415781,1677686400,0
2023-03-02 00:00:00,4532117045436,Zomato,travel,477.08,15.902133394918224,79.72553871967439,15.79405243765518,79.4248437603735,1677715200,0
2023-03-02 08:00:00,4532117045436,Netflix,food_dining,846.54,15.919584079609423,79.74094993751356,16.009017382097618,79.23597226144402,1677744000,0
2023-03-02 16:00:00,4532117045436,Apollo,travel,419.57,15.902004069017053,79.73639526595795,16.40332672456874,79.3609573366564,1677772800,0
2023-03-03 00:00:00,4532117045436,Zomato,grocery_pos,457.04,15.92921125852282,79.74511415500929,15.541785239904183,79.39630784395465,1677801600,0
2023-03-03 08:00:00,4532117045436,MakeMyTrip,gas_transport,717.32,15.905183716775833,79.74317471934731,14.832119833340403,80.16532383389112,1677830400,0
2023-03-03 16:00:00,4532117045436,MakeMyTrip,grocery_pos,538.54,15.915866283196761,79.73968081505356,16.040686826856184,79.66162896210885,1677859200,0
2023-03-04 00:00:00,4532117045436,Zomato,health_fitness,482.53,15.92295142573278,79.7393895657453,16.407234584679003,79.0538126998503,1677888000,0
2023-03-04 08:00:00,4532117045436,MakeMyTrip,grocery_pos,516.32,15.910376199565356,79.73264141550676,15.237177117554015,79.75552244888118,1677916800,0
2023-03-04 16:00:00,4532117045436,Shell,grocery_pos,487.54,15.916306000191,79.74083347070993,16.24800994863867,79.85113306622412,1677945600,0
2023-03-05 00:00:00,4532117045436,Zomato,health_fitness,279.04,15.927251815491902,79.74881284781432,16.25138319366977,79.50033156927957,1677974400,0
2023-03-05 08:00:00,4532117045436,Netflix,entertainment,248.78,15.918544029878934,79.730265532586,14.776151870442348,80.31794254209635,1678003200,0
2023-03-05 16:00:00,4532117045436,Zomato,grocery_pos,733.02,15.916455506296744,79.73994602623638,15.444755683796615,79.52953055715385,1678032000,0
2023-03-06 00:00:00,4532117045436,MakeMyTrip,health_fitness,477.58,15.896052146051796,79.75038388755735,15.71498560963417,80.29416884331857,1678060800,0
2023-03-06 08:00:00,4532117045436,Shell,food_dining,465.01,15.903562777472597,79.74505424093216,15.823087999882382,80.03839138983749,1678089600,0
2023-03-06 16:00:00,4532117045436,Shell,gas_transport,436.47,15.9233692012765,79.7530947289635,15.541332867616008,80.2033027540222,1678118400,0
2023-03-07 00:00:00,4532117045436,Apollo,gas_transport,567.16,15.918599503053414,79.73431857670165,15.51439859820891,79.1907245795968,1678147200,0
2023-03-07 08:00:00,4532117045436,Netflix,grocery_pos,830.8,15.920114662737852,79.72169231551605,16.748641445591048,79.78915509611905,1678176000,0
2023-03-07 16:00:00,4532117045436,Amazon,entertainment,528.59,15.919253969322149,79.74200651803955,15.859120434070546,79.71358599771261,1678204800,0
2023-03-08 00:00:00,4532117045436,Amazon,entertainment,361.79,15.925797565283753,79.74362570815026,15.56537816992513,79.02899673754622,1678233600,0
2023-03-08 08:00:00,4532117045436,Zomato,food_dining,429.99,15.91028600075045,79.75368421954472,15.892315261543725,80.29253036490145,1678262400,0
2023-03-08 16:00:00,4532117045436,Apollo,grocery_pos,610.65,15.914104999587893,79.75188145734707,16.181445416530572,79.33129955154632,1678291200,0
2023-03-09 00:00:00,4532117045436,Walmart,gas_transport,362.58,15.90261325666871,79.74536743623013,15.938713188355605,79.435216085582,1678320000,0
2023-03-09 08:00:00,4532117045436,Zomato,entertainment,577.84,15.900119774165637,79.74765390214169,15.810036204586014,79.23334208220113,1678348800,0
2023-03-09 16:00:00,4532117045436,Apollo,grocery_pos,101.89,15.89646259284412,79.73808178541793,15.587891665664774,80.09059316303518,1678377600,0
2023-03-10 00:00:00,4532117045436,Netflix,travel,415.52,15.904048365010002,79.7278088538868,15.581834577266202,78.9770351406137,1678406400,0
2023-03-10 08:00:00,4532117045436,Netflix,entertainment,544.22,15.928425618154897,79.74117721217381,15.613995806757321,80.04893740023228,1678435200,0
2023-03-10 16:00:00,4532117045436,Netflix,health_fitness,640.52,15.897372729321841,79.74982573463627,16.08230730040537,80.26225699312172,1678464000,0
2023-03-11 00:00:00,4532117045436,Netflix,travel,327.23,15.909864640144228,79.74656360869828,15.415809953799107,80.00858921381287,1678492800,0
2023-03-11 08:00:00,4532117045436,Netflix,entertainment,224.59,15.899968546763539,79.7483380733916,16.10953461173511,80.09631424192321,1678521600,0
2023-03-11 16:00:00,4532117045436,Apollo,gas_transport,410.89,15.906890260369966,79.73572244312953,16.619397377813417,80.11977323478902,1678550400,0
2023-03-12 00:00:00,4532117045436,Apollo,shopping_net,281.19,15.914596937923521,79.73734453161981,16.0757536789066,79.26528783663711,1678579200,0
2023-03-12 08:00:00,4532117045436,Shell,travel,427.64,15.90589884126795,79.74483425488114,15.728107235541431,80.45736748983217,1678608000,0
2023-03-12 16:00:00,4532117045436,Amazon,food_dining,449.0,15.923796648650166,79.7345349260549,15.263836557472686,79.50996187293325,1678636800,0
2023-03-13 00:00:00,4532117045436,MakeMyTrip,food_dining,252.13,15.928239781208497,79.73484282930066,16.70195340395576,79.706806191205,1678665600,0
2023-03-13 08:00:00,4532117045436,Netflix,gas_transport,570.67,15.89040904271944,79.74297982236376,15.327891174700545,79.57368134082452,1678694400,0
2023-03-13 16:00:00,4532117045436,Walmart,entertainment,426.42,15.906070076696489,79.74760904743157,16.337181017237874,79.98577106043865,1678723200,0
2023-03-14 00:00:00,4532117045436,MakeMyTrip,grocery_pos,612.07,15.913491421222725,79.7380047132667,16.232158930297242,79.47098137843129,1678752000,0
2023-03-14 08:00:00,4532117045436,Apollo,entertainment,173.26,15.924161170260154,79.72836810538946,15.794515698517971,79.77345786211868,1678780800,0
2023-03-14 16:00:00,4532117045436,Walmart,gas_transport,297.42,15.908357557248468,79.73264196084956,15.78141059810966,79.122328091427,1678809600,0
2023-03-15 00:00:00,4532117045436,Walmart,food_dining,527.5,15.912700646047542,79.74203672084893,14.99504436297949,80.32233260425078,1678838400,0
2023-03-15 08:00:00,4532117045436,Walmart,entertainment,330.13,15.90133255774948,79.74191520963865,16.077932500406312,80.0753704729751,1678867200,0
2023-03-15 16:00:00,4532117045436,Shell,food_dining,425.32,15.897572041477376,79.74241238137655,16.222863166197904,79.59387011904911,1678896000,0
2023-03-16 00:00:00,4532117045436,Apollo,travel,450.1,15.92735384689583,79.74521295290596,15.368359941926098,79.50542548498709,1678924800,0
2023-03-16 08:00:00,4532117045436,Walmart,grocery_pos,473.74,15.894659301261072,79.74005810558542,15.83498926283545,80.06231412315884,1678953600,0
2023-03-16 16:00:00,4532117045436,Netflix,travel,348.37,15.936186190084216,79.7426505604484,15.931830957504475,79.38635330968201,1678982400,0
2023-03-17 00:00:00,4532117045436,Zomato,food_dining,472.39,15.920151513993819,79.7395497317717,16.205186313974785,79.80268265788258,1679011200,0
2023-03-17 08:00:00,4532117045436,Walmart,food_dining,332.62,15.919699730755168,79.75148733482929,15.914801538061594,80.3206993937157,1679040000,0
2023-03-17 16:00:00,4532117045436,Shell,shopping_net,551.14,15.918654686674945,79.75432342031218,15.099740323019208,79.3343714404314,1679068800,0
2023-03-18 00:00:00,4532117045436,MakeMyTrip,shopping_net,432.77,15.91037314311999,79.72810988717619,15.647931115268756,79.9243004145601,1679097600,0
2023-03-18 08:00:00,4532117045436,Apollo,travel,473.26,15.916820845297009,79.73744748057898,16.025212892694512,79.89786263346774,1679126400,0
2023-03-18 16:00:00,4532117045436,Shell,health_fitness,835.49,15.911011033122156,79.7403272449154,16.33366417101988,79.69133159066865,1679155200,0
2023-03-19 00:00:00,4532117045436,Walmart,travel,283.93,15.918430732764405,79.73733085287985,15.604081695302877,79.48810520794802,1679184000,0
2023-03-19 08:00:00,4532117045436,Apollo,shopping_net,658.29,15.912563134730913,79.7579292259133,17.00672493727501,80.34739852844719,1679212800,0
2023-03-19 16:00:00,4532117045436,Zomato,food_dining,51.1,15.903396518168982,79.74223955278089,14.965663465581517,79.4412156821165,1679241600,0
2023-03-20 00:00:00,4532117045436,Walmart,gas_transport,138.24,15.904194273837383,79.73194628172949,15.63104991247105,78.83398054943518,1679270400,0
2023-03-20 08:00:00,4532117045436,Shell,travel,263.9,15.903057276247075,79.7459644233956,15.871383198253614,80.06026679581551,1679299200,0
2023-03-20 16:00:00,4532117045436,Amazon,food_dining,273.37,15.922609007319343,79.74270974538845,15.812525418223569,79.13934832511607,1679328000,0
2023-03-21 00:00:00,4532117045436,Netflix,gas_transport,480.56,15.90672553387541,79.74304192919553,15.296828835092585,80.08594057242753,1679356800,0
2023-03-21 08:00:00,4532117045436,MakeMyTrip,gas_transport,493.48,15.893778968389151,79.75807876158798,16.136830873875898,80.40745162392172,1679385600,0
2023-03-21 16:00:00,4532117045436,Shell,shopping_net,411.78,15.91686838665849,79.74350785175754,16.098447025656963,80.05487493919934,1679414400,0
2023-03-22 00:00:00,4532117045436,Apollo,travel,427.52,15.928045175625897,79.73696338476125,15.936880722990773,80.27570565094373,1679443200,0
2023-03-22 08:00:00,4532117045436,Walmart,entertainment,529.16,15.920630831891776,79.7204472357369,16.078821931629257,80.75002455346481,1679472000,0
2023-03-22 16:00:00,4532117045436,Netflix,grocery_pos,7675.55,15.906866764347784,79.73834600981856,28.693497862376038,76.18324731635973,1679500800,1
2023-03-23 00:00:00,4532117045436,Walmart,shopping_net,251.02,15.89703188284405,79.75305969917326,15.104218524945717,79.90528669631271,1679529600,0
2023-03-23 08:00:00,4532117045436,Apollo,shopping_net,395.72,15.911557318966425,79.73908830880443,15.554580064973878,80.55697409176182,1679558400,0
2023-03-23 16:00:00,4532117045436,Walmart,entertainment,439.56,15.911307761219033,79.7175995010148,15.99142729070472,80.61738777242329,1679587200,0
2023-03-24 00:00:00,4532117045436,Amazon,grocery_pos,522.8,15.903208003896863,79.73501637607806,15.994272207423199,80.6243858916297,1679616000,0
2023-03-24 08:00:00,4532117045436,Netflix,food_dining,334.1,15.918410373022425,79.74992688538913,15.933589526292925,79.49392824240199,1679644800,0
2023-03-24 16:00:00,4532117045436,Netflix,health_fitness,436.62,15.931366265008306,79.74545817174561,16.187254133992518,79.0629908207508,1679673600,0
2023-03-25 00:00:00,4532117045436,Apollo,travel,454.5,15.915122827174583,79.73160119103488,15.622326977274993,79.46340390828256,1679702400,0
2023-03-25 08:00:00,4532117045436,MakeMyTrip,health_fitness,344.33,15.914504762069988,79.734347152236,15.926240528555269,80.09182080789658,1679731200,0
2023-03-25 16:00:00,4532117045436,Amazon,food_dining,340.75,15.903527719511663,79.73589291340897,16.19894638920246,79.81957947266605,1679760000,0
2023-03-26 00:00:00,4532117045436,Shell,shopping_net,464.81,15.926874147030604,79.73337286228137,15.870455090748823,79.63675950741157,1679788800,0
2023-03-26 08:00:00,4532117045436,Walmart,grocery_pos,430.45,15.9121485583319,79.71970326132259,15.291238035796951,80.02024069940246,1679817600,0
2023-03-26 16:00:00,4532117045436,Zomato,shopping_net,525.07,15.907110367448059,79.7476359110062,15.432155815172232,79.00459745916336,1679846400,0
2023-03-27 00:00:00,4532117045436,Walmart,gas_transport,292.01,15.913536883936517,79.75257059956688,16.328326162139685,79.81058464934577,1679875200,0
2023-03-27 08:00:00,4532117045436,Walmart,shopping_net,6187.0,15.917619613332466,79.72481551056035,29.335035362545582,76.05564948940405,1679904000,1
2023-03-27 16:00:00,4532117045436,Shell,shopping_net,415.62,15.91429215408645,79.75243852932586,16.500541553912026,80.0146578222791,1679932800,0
2023-03-28 00:00:00,4532117045436,Walmart,food_dining,572.08,15.924961533956706,79.73896976798602,16.02897797487102,80.08590491091685,1679961600,0
2023-03-28 08:00:00,4532117045436,Amazon,food_dining,308.94,15.91673971552547,79.75225132348167,15.311333698991653,80.53868639497625,1679990400,0
2023-03-28 16:00:00,4532117045436,Amazon,food_dining,485.2,15.910060581891175,79.7403795043629,15.909724221613565,79.70692835756316,1680019200,0
2023-03-29 00:00:00,4532117045436,Netflix,health_fitness,487.91,15.916911922163269,79.74135544592158,16.69402756597521,79.41345416932482,1680048000,0
2023-03-29 08:00:00,4532117045436,Apollo,gas_transport,696.96,15.91789637101126,79.74372434646982,16.22214419022824,80.33475752133252,1680076800,0
2023-03-29 16:00:00,4532117045436,MakeMyTrip,food_dining,298.94,15.899936240807362,79.73209933674865,15.809161238658064,80.32556031551695,1680105600,0
2023-03-30 00:00:00,4532117045436,Zomato,grocery_pos,351.42,15.924394197282638,79.75194674144328,16.22721261642061,80.01914583737789,1680134400,0
2023-03-30 08:00:00,4532117045436,Walmart,health_fitness,309.4,15.909890959806386,79.72878619361924,15.278202396692198,79.65981449970877,1680163200,0
2023-03-30 16:00:00,4532117045436,Walmart,entertainment,199.53,15.910146767764946,79.73597933255483,15.565064311075899,79.74068982550399,1680192000,0
2023-03-31 00:00:00,4532117045436,Shell,grocery_pos,714.7,15.92041375987076,79.74524264677643,15.370804304488837,79.10161352393445,1680220800,0
2023-03-31 08:00:00,4532117045436,Apollo,travel,263.77,15.920371652242597,79.73490804759514,16.147685909174218,80.2964732651036,1680249600,0
2023-03-31 16:00:00,4532117045436,Amazon,travel,327.55,15.90589168321134,79.74777531240814,16.26995174986005,80.27882565476456,1680278400,0
2023-04-01 00:00:00,4532117045436,Zomato,grocery_pos,647.36,15.920929016181457,79.75375866173184,15.835986986400817,79.0841586247666,1680307200,0
2023-04-01 08:00:00,4532117045436,Netflix,food_dining,187.03,15.907295518485105,79.75012546001054,15.476435161630217,80.17381604195306,1680336000,0
2023-04-01 16:00:00,4532117045436,Amazon,entertainment,563.45,15.931095730466987,79.72063884686321,15.903025453232686,79.9420508275045,1680364800,0
2023-04-02 00:00:00,4532117045436,Apollo,entertainment,238.05,15.904618060187342,79.74125846969619,15.669610054663096,79.2290129448046,1680393600,0
2023-04-02 08:00:00,4532117045436,MakeMyTrip,health_fitness,637.0,15.91529477461706,79.75028682610696,15.514814647653129,79.13699989946376,1680422400,0
2023-04-02 16:00:00,4532117045436,Netflix,entertainment,124.52,15.905079823630924,79.72683251153177,16.082396842654624,79.92674663470086,1680451200,0
2023-04-03 00:00:00,4532117045436,MakeMyTrip,travel,186.98,15.93512695629135,79.74723610587229,15.533903888740664,79.54114794304654,1680480000,0
2023-04-03 08:00:00,4532117045436,Shell,gas_transport,368.26,15.900521790559129,79.74667460781639,15.129725133517955,80.64997442527483,1680508800,0
2023-04-03 16:00:00,4532117045436,Shell,food_dining,595.77,15.91814362747253,79.72787910108062,15.240842764818407,80.21629919732445,1680537600,0
2023-04-04 00:00:00,4532117045436,Walmart,entertainment,445.36,15.905550895855223,79.7483423266574,15.111269766592025,79.97684656836611,1680566400,0
2023-04-04 08:00:00,4532117045436,MakeMyTrip,health_fitness,399.64,15.90935892358552,79.74272697793529,16.0366559582881,80.0015395020012,1680595200,0
2023-04-04 16:00:00,4532117045436,Apollo,travel,651.91,15.917435378337451,79.7465038178872,15.988102719088083,80.40543359018358,1680624000,0
2023-04-05 00:00:00,4532117045436,Zomato,gas_transport,773.29,15.925145844376262,79.73033687614235,15.963160047254082,80.16325904586367,1680652800,0
2023-04-05 08:00:00,4532117045436,Netflix,shopping_net,550.84,15.929133965622992,79.74150136116371,16.206765826239973,79.989883219248,1680681600,0
2023-04-05 16:00:00,4532117045436,Amazon,shopping_net,356.57,15.897530520399737,79.72295121445867,16.50887942805856,79.24986941185124,1680710400,0
2023-04-06 00:00:00,4532117045436,Apollo,gas_transport,387.28,15.915577512243646,79.71723008792466,15.616766734587443,81.2709734827031,1680739200,0
2023-04-06 08:00:00,4532117045436,Apollo,travel,256.73,15.927494936033836,79.74140828426528,16.11613873861921,79.18840862134587,1680768000,0
2023-04-06 16:00:00,4532117045436,Shell,health_fitness,465.12,15.89604689061238,79.7510059760676,15.123092246297063,79.58372863144992,1680796800,0
2023-04-07 00:00:00,4532117045436,MakeMyTrip,gas_transport,205.56,15.916043834940549,79.74252936814264,16.602254873131677,78.912635861795,1680825600,0
2023-04-07 08:00:00,4532117045436,Walmart,food_dining,532.78,15.9128791620258,79.73936553936055,15.290484380890922,80.00939907938462,1680854400,0
2023-04-07 16:00:00,4532117045436,Walmart,food_dining,750.84,15.917045418143799,79.73812465879945,15.557859440479781,79.8155552186424,1680883200,0
2023-04-08 00:00:00,4532117045436,Netflix,shopping_net,2097.46,15.905176959746736,79.73057434608556,28.28377990603355,77.6584739128323,1680912000,1
2023-04-08 08:00:00,4532117045436,Shell,entertainment,379.63,15.898543811717866,79.73778139096204,15.149764501638895,78.87046718444778,1680940800,0
2023-04-08 16:00:00,4532117045436,Apollo,health_fitness,529.04,15.893768935748211,79.74421684468264,15.929187788704281,80.29645283369047,1680969600,0
2023-04-09 00:00:00,4532117045436,Zomato,shopping_net,5802.27,15.922663839534621,79.73564777767199,27.05240677755814,77.20868632738822,1680998400,1
2023-04-09 08:00:00,4532117045436,Shell,entertainment,685.57,15.923940491364833,79.74750586853835,15.818193164509225,79.66549740031806,1681027200,0
2023-04-09 16:00:00,4532117045436,Netflix,entertainment,299.44,15.91592685348996,79.74195975033864,15.142776183984463,80.20578563434053,1681056000,0
2023-04-10 00:00:00,4532117045436,Netflix,food_dining,526.54,15.90755851650312,79.74316979417773,16.904593117425858,79.87063334206594,1681084800,0
2023-04-10 08:00:00,4532117045436,Shell,travel,426.28,15.896669541065343,79.7488866275355,16.187515398250824,79.90597127833342,1681113600,0
2023-04-10 16:00:00,4532117045436,Netflix,grocery_pos,570.99,15.91853345462505,79.73473244567344,17.23001102182498,80.13958940995269,1681142400,0
2023-04-11 00:00:00,4532117045436,Shell,travel,6288.31,15.901892207171633,79.74659380586186,28.39823236245237,76.13368760695076,1681171200,1
2023-04-11 08:00:00,4532117045436,Amazon,grocery_pos,94.54,15.905787013752395,79.73613523282748,16.39184111408849,79.56944604872564,1681200000,0
2023-04-11 16:00:00,4532117045436,Shell,gas_transport,397.8,15.907034359204374,79.74339514483819,16.30253694369708,79.65676543588238,1681228800,0
2023-04-12 00:00:00,4532117045436,MakeMyTrip,food_dining,479.78,15.91092464774303,79.73354228649363,15.76761244845132,79.84593933932591,1681257600,0
2023-04-12 08:00:00,4532117045436,Shell,entertainment,234.85,15.905309595527914,79.73089296176934,16.618425450529614,79.29222195322683,1681286400,0
2023-04-12 16:00:00,4532117045436,Netflix,health_fitness,537.15,15.913234587709924,79.74091864745648,15.710194996193112,80.23800432969433,1681315200,0
2023-04-13 00:00:00,4532117045436,MakeMyTrip,grocery_pos,221.4,15.906681816994936,79.72114799947978,15.732454290287697,79.88432696540373,1681344000,0
2023-04-13 08:00:00,4532117045436,Netflix,travel,330.23,15.919913730648393,79.73703732556491,14.17718505403081,79.77738813396098,1681372800,0
2023-04-13 16:00:00,4532117045436,Walmart,entertainment,651.2,15.92321062913988,79.7239362299439,16.11741402687132,80.33624827951573,1681401600,0
2023-04-14 00:00:00,4532117045436,Walmart,grocery_pos,317.43,15.913985426760284,79.74779234034312,15.250145044158797,79.67994317839431,1681430400,0
2023-04-14 08:00:00,4532117045436,MakeMyTrip,grocery_pos,536.1,15.917526263353812,79.75050110596108,15.637539402152244,79.64878950142379,1681459200,0
2023-04-14 16:00:00,4532117045436,Amazon,grocery_pos,186.96,15.934078559496259,79.73136048778579,15.399790180627488,79.49768561799802,1681488000,0
2023-04-15 00:00:00,4532117045436,Walmart,health_fitness,762.2,15.901173967431387,79.74428312962473,15.72978423034087,79.91153350446297,1681516800,0
2023-04-15 08:00:00,4532117045436,Shell,food_dining,404.32,15.9005653189872,79.74899135713687,16.13484011510872,79.89422505416576,1681545600,0
2023-04-15 16:00:00,4532117045436,Netflix,health_fitness,464.3,15.91984997900777,79.749024692225,15.918470781524379,79.40685789974503,1681574400,0
2023-04-16 00:00:00,4532117045436,Walmart,shopping_net,476.86,15.932365428375148,79.7421445083397,16.267720645252904,79.6511530114433,1681603200,0
2023-04-16 08:00:00,4532117045436,Walmart,entertainment,541.14,15.910295014380614,79.7473430467556,16.545714767792816,79.41019886574038,1681632000,0
2023-04-16 16:00:00,4532117045436,Amazon,food_dining,222.12,15.930168338422188,79.73350668688079,15.728502031661083,79.38756577309225,1681660800,0
2023-04-17 00:00:00,4532117045436,MakeMyTrip,food_dining,449.2,15.913864337187935,79.74083122465656,15.673616378991944,78.87505108413657,1681689600,0
2023-04-17 08:00:00,4532117045436,MakeMyTrip,food_dining,351.18,15.906091127179609,79.73532896593208,16.391763826831006,79.62454487315922,1681718400,0
2023-04-17 16:00:00,4532117045436,Apollo,travel,196.57,15.902993076113624,79.73266212026215,16.431423644369964,78.88889336695999,1681747200,0
2023-04-18 00:00:00,4532117045436,Amazon,food_dining,598.07,15.919194135848869,79.74036063391469,16.283195434051525,79.50859215683023,1681776000,0
2023-04-18 08:00:00,4532117045436,Shell,health_fitness,397.17,15.903750409322173,79.74347530376157,15.436810596630325,79.43365267706119,1681804800,0
2023-04-18 16:00:00,4532117045436,MakeMyTrip,food_dining,486.38,15.91371276842767,79.75163508767955,16.1242275327508,80.2659475286328,1681833600,0
2023-04-19 00:00:00,4532117045436,Netflix,gas_transport,476.98,15.928734650253842,79.74265155527299,15.967635302023645,79.23253259684518,1681862400,0
2023-04-19 08:00:00,4532117045436,Amazon,entertainment,399.77,15.909832196071287,79.7464193053496,16.439164470674832,79.35940680759276,1681891200,0
2023-04-19 16:00:00,4532117045436,Walmart,food_dining,746.25,15.926040094746439,79.7465328317325,15.626463955231126,79.5492379304042,1681920000,0
2023-04-20 00:00:00,4532117045436,Netflix,entertainment,442.91,15.900754565102737,79.76687534365696,15.079594854425043,79.44992817424861,1681948800,0
2023-04-20 08:00:00,4532117045436,Netflix,gas_transport,216.31,15.907560908986833,79.72189967596726,16.258018400190135,80.42462739871094,1681977600,0
2023-04-20 16:00:00,4532117045436,Walmart,gas_transport,389.94,15.89882855973785,79.73312066133163,14.633715808371448,79.17071631347518,1682006400,0
2023-04-21 00:00:00,4532117045436,Amazon,entertainment,524.96,15.913629967559734,79.75474056052488,15.547143298051836,79.55029775050707,1682035200,0
2023-04-21 08:00:00,4532117045436,Walmart,grocery_pos,529.89,15.920700781797166,79.73647986925145,15.401302244340853,79.9060326245822,1682064000,0
2023-04-21 16:00:00,4532117045436,Apollo,shopping_net,286.83,15.913651870876063,79.74885803137602,15.397932664547128,80.180591671521,1682092800,0
2023-04-22 00:00:00,4532117045436,Netflix,travel,589.42,15.925170500599702,79.74230009523762,15.538384264522453,79.54987922203489,1682121600,0
2023-04-22 08:00:00,4532117045436,Zomato,grocery_pos,185.57,15.905408207593709,79.76105202401207,16.521586784875815,78.7809501997481,1682150400,0
2023-04-22 16:00:00,4532117045436,Zomato,grocery_pos,621.62,15.915153427536891,79.72886945572935,16.323177709503188,79.66494788920724,1682179200,0
2023-04-23 00:00:00,4532117045436,Shell,health_fitness,252.1,15.907625306763862,79.75221800552518,15.787034659003748,80.41601423809036,1682208000,0
2023-04-23 08:00:00,4532117045436,MakeMyTrip,travel,416.06,15.916516765854237,79.75749581305271,16.479711735929524,79.88109370371521,1682236800,0
2023-04-23 16:00:00,4532117045436,Walmart,travel,609.69,15.917937360462124,79.72985581122832,15.381751422416814,79.85820893117996,1682265600,0
2023-04-24 00:00:00,4532117045436,Walmart,grocery_pos,467.94,15.918723959599841,79.74782870243581,15.313758307126422,79.2084910042115,1682294400,0
2023-04-24 08:00:00,4532117045436,Shell,food_dining,572.5,15.902194056617644,79.7303450201417,16.344698329623295,79.15716420485566,1682323200,0
2023-04-24 16:00:00,4532117045436,Shell,health_fitness,542.8,15.904002538982136,79.74030161572534,16.202721614661325,79.74902082431704,1682352000,0
2023-04-25 00:00:00,4532117045436,Shell,health_fitness,642.94,15.90585712291809,79.73743412069817,15.68276829920834,79.0268105388593,1682380800,0
2023-04-25 08:00:00,4532117045436,Netflix,gas_transport,609.33,15.910511192521335,79.715972460651,15.345169553150935,80.13068111118125,1682409600,0
2023-04-25 16:00:00,4532117045436,Apollo,travel,381.94,15.913771864042065,79.74424234259712,16.64276593751897,79.31667687556681,1682438400,0
2023-04-26 00:00:00,4532117045436,Walmart,grocery_pos,544.94,15.919980891218568,79.74143339167605,15.052848724526092,79.72767135963424,1682467200,0
2023-04-26 08:00:00,4532117045436,Netflix,gas_transport,221.02,15.904419013006608,79.75479078973406,15.61368703232822,78.79711654062288,1682496000,0
2023-04-26 16:00:00,4532117045436,Shell,entertainment,6058.17,15.896889807022983,79.74611143654649,29.784098709196606,76.2710744234636,1682524800,1
2023-04-27 00:00:00,4532117045436,Walmart,shopping_net,572.77,15.934457431632069,79.76290883924078,16.81398240421572,79.14706972643489,1682553600,0
2023-04-27 08:00:00,4532117045436,Netflix,health_fitness,470.08,15.901585469793476,79.74107042382079,16.104450106036612,78.57902179132908,1682582400,0
2023-04-27 16:00:00,4532117045436,Apollo,entertainment,517.0,15.921263237229956,79.73894469947997,16.15305232650665,80.01092104466815,1682611200,0
2023-04-28 00:00:00,4532117045436,Netflix,entertainment,418.01,15.913212668772488,79.73815643349282,15.628208149925937,80.56057976954578,1682640000,0
2023-04-28 08:00:00,4532117045436,Apollo,food_dining,619.36,15.915413056408065,79.73560411288967,16.1971401126373,80.30473679467197,1682668800,0
2023-04-28 16:00:00,4532117045436,Shell,shopping_net,437.94,15.912884494941641,79.71792249083617,15.965554660439544,80.0808453449519,1682697600,0
2023-04-29 00:00:00,4532117045436,Apollo,entertainment,380.18,15.90905158118053,79.73779805372992,15.118667729791222,79.53293941602722,1682726400,0
2023-04-29 08:00:00,4532117045436,Walmart,entertainment,582.98,15.917539722829234,79.71932145273564,16.309367426746554,80.14294511427391,1682755200,0
2023-04-29 16:00:00,4532117045436,Shell,shopping_net,239.23,15.908514127937428,79.74452033344585,16.398096694923424,80.35192659928686,1682784000,0
2023-04-30 00:00:00,4532117045436,Walmart,shopping_net,525.16,15.924563027472368,79.7275993970753,16.314582524410582,79.80841091483565,1682812800,0
2023-04-30 08:00:00,4532117045436,Zomato,entertainment,293.63,15.918584410062563,79.73105667376912,15.929563962832901,79.14781991384399,1682841600,0
2023-04-30 16:00:00,4532117045436,Amazon,shopping_net,641.69,15.918895941132815,79.73330589805167,15.434811558425176,79.49030785070431,1682870400,0
2023-05-01 00:00:00,4532117045436,Apollo,entertainment,410.85,15.907828769399435,79.73795064962187,14.758308134357568,80.59134824417396,1682899200,0
2023-05-01 08:00:00,4532117045436,Amazon,entertainment,470.25,15.91053645262911,79.74006868254939,15.991426802700726,79.70262791592491,1682928000,0
2023-05-01 16:00:00,4532117045436,Amazon,food_dining,511.89,15.90102087191358,79.75084479583073,16.453871029870424,78.07762214004444,1682956800,0
2023-05-02 00:00:00,4532117045436,Apollo,grocery_pos,160.55,15.909369839432745,79.73422469906492,16.41066623454154,79.0055382681649,1682985600,0
2023-05-02 08:00:00,4532117045436,Shell,entertainment,352.41,15.902534240836438,79.74480146136221,16.320936421696924,79.52777564842876,1683014400,0
2023-05-02 16:00:00,4532117045436,Zomato,gas_transport,606.53,15.926030685155888,79.76730867233223,15.875794510725305,80.25791261920878,1683043200,0
2023-05-03 00:00:00,4532117045436,Walmart,health_fitness,580.16,15.913405358155941,79.74377350702763,16.45663208701575,79.60343882379654,1683072000,0
2023-05-03 08:00:00,4532117045436,Netflix,travel,492.45,15.914604972350405,79.73819510211068,16.374980911927953,80.26721582748662,1683100800,0
2023-05-03 16:00:00,4532117045436,Walmart,grocery_pos,247.58,15.9106485347265,79.73220848348072,15.701583219639222,79.47691882322626,1683129600,0
2023-05-04 00:00:00,4532117045436,Netflix,grocery_pos,537.83,15.914875789220515,79.7380566845458,16.251199008307925,78.75785373888219,1683158400,0
2023-05-04 08:00:00,4532117045436,Walmart,grocery_pos,3631.73,15.937548776358577,79.7311377965639,28.643931479164085,77.74100619882195,1683187200,1
2023-05-04 16:00:00,4532117045436,Apollo,food_dining,457.05,15.909898597156076,79.74268661426683,16.182912115808463,79.91247250077313,1683216000,0
2023-05-05 00:00:00,4532117045436,Zomato,entertainment,633.48,15.9063958696529,79.74103544138639,15.263341677849468,79.87097517467065,1683244800,0
2023-05-05 08:00:00,4532117045436,Netflix,food_dining,347.49,15.918196931329055,79.71837780779082,15.30179409566354,79.11244612537168,1683273600,0
2023-05-05 16:00:00,4532117045436,MakeMyTrip,entertainment,373.52,15.887642813663975,79.73981441994233,16.442003523471953,79.56440189909812,1683302400,0
2023-05-06 00:00:00,4532117045436,Shell,food_dining,77.31,15.91353956786911,79.7507614631264,16.381680061102383,81.08233711903203,1683331200,0
2023-05-06 08:00:00,4532117045436,Walmart,food_dining,587.97,15.909182870967072,79.73600888147797,16.229705770287914,79.12336558685156,1683360000,0
2023-05-06 16:00:00,4532117045436,Walmart,health_fitness,497.08,15.902976867339639,79.73347103227587,15.956884410526415,80.07036169723187,1683388800,0
2023-05-07 00:00:00,4532117045436,Netflix,gas_transport,197.73,15.917977576703116,79.72622299226883,14.717262784487927,78.6916621507151,1683417600,0
2023-05-07 08:00:00,4532117045436,Shell,food_dining,186.21,15.913439884184458,79.72142007958375,15.875462030896756,80.17189591228482,1683446400,0
2023-05-07 16:00:00,4532117045436,Shell,health_fitness,319.11,15.894875910925059,79.74831349267063,16.13999158359492,79.29383730490576,1683475200,0
2023-05-08 00:00:00,4532117045436,Apollo,shopping_net,569.05,15.906434704788076,79.73818521670421,15.645533376220206,79.94104412910147,1683504000,0
2023-05-08 08:00:00,4532117045436,MakeMyTrip,gas_transport,404.95,15.884017287948073,79.74772021562003,15.556652903595882,79.0942371991159,1683532800,0
2023-05-08 16:00:00,4532117045436,Apollo,food_dining,329.28,15.915832693141336,79.75531323744579,16.635110194076848,79.88542640008835,1683561600,0
2023-05-09 00:00:00,4532117045436,Apollo,travel,299.08,15.915732994184403,79.7492124768491,15.882755504304194,79.28567485212928,1683590400,0
2023-05-09 08:00:00,4532117045436,Apollo,grocery_pos,292.36,15.904967181061664,79.7345762767856,16.14029758482119,79.38247590851668,1683619200,0
2023-05-09 16:00:00,4532117045436,Apollo,shopping_net,159.95,15.918301127116832,79.74144867664657,16.29996573080968,79.96099300319752,1683648000,0
2023-05-10 00:00:00,4532117045436,Apollo,shopping_net,268.89,15.900075013788785,79.73385227134843,15.412181461747462,79.52480726180148,1683676800,0
2023-05-10 08:00:00,4532117045436,Zomato,health_fitness,289.41,15.90323482974065,79.73291711537398,16.009503711357098,79.93019072410814,1683705600,0
2023-05-10 16:00:00,4532117045436,Shell,shopping_net,552.39,15.917071904643826,79.74342815162402,16.57272224723865,79.64457934067832,1683734400,0
2023-05-11 00:00:00,4532117045436,Apollo,gas_transport,425.14,15.906013332450371,79.73167706116881,16.82251159164986,79.77374684062363,1683763200,0
2023-05-11 08:00:00,4532117045436,Shell,food_dining,326.16,15.912273430437976,79.71790848380911,15.932868198607347,79.96254323567669,1683792000,0
2023-05-11 16:00:00,4532117045436,Shell,food_dining,796.46,15.907263509725738,79.73111852104272,15.793928226326463,79.56499077270442,1683820800,0
2023-05-12 00:00:00,4532117045436,Amazon,travel,350.42,15.908790688437008,79.73693118851313,16.047412034068767,79.2419751069991,1683849600,0
2023-05-12 08:00:00,4532117045436,Zomato,grocery_pos,625.07,15.909227757840451,79.75521398497831,16.03471852351376,79.4738438670351,1683878400,0
2023-05-12 16:00:00,4532117045436,Apollo,health_fitness,693.17,15.905832432427818,79.73509062550129,16.606279033065576,80.33756958991671,1683907200,0
2023-05-13 00:00:00,4532117045436,Walmart,grocery_pos,214.51,15.915924497143601,79.74511924091028,15.414704155416468,79.79808654203826,1683936000,0
2023-05-13 08:00:00,4532117045436,Netflix,shopping_net,461.09,15.90662071513246,79.73831691766037,15.77296345691699,79.31755077329476,1683964800,0
2023-05-13 16:00:00,4532117045436,MakeMyTrip,travel,372.37,15.913056867137957,79.7522640514387,15.354329336561745,79.94078030419385,1683993600,0
2023-05-14 00:00:00,4532117045436,Walmart,grocery_pos,360.16,15.905612683186256,79.75157096385463,15.406852557101212,79.97415779246957,1684022400,0
2023-05-14 08:00:00,4532117045436,Zomato,gas_transport,533.31,15.897557013736156,79.7517617510524,16.101187007569564,79.9999995378989,1684051200,0
2023-05-14 16:00:00,4532117045436,Netflix,food_dining,356.57,15.922024352492592,79.72266016470581,16.317828920818513,79.25108139981435,1684080000,0
2023-05-15 00:00:00,4532117045436,Zomato,shopping_net,375.6,15.917895269850954,79.74206724047245,15.588204153128128,79.39880450285705,1684108800,0
2023-05-15 08:00:00,4532117045436,Shell,travel,424.78,15.935786820687976,79.74758938600121,16.298947394487644,79.40158539180649,1684137600,0
2023-05-15 16:00:00,4532117045436,Netflix,grocery_pos,7503.61,15.902460271600019,79.7438153856259,28.235892100981783,78.4859653860882,1684166400,1
2023-05-16 00:00:00,4532117045436,Shell,health_fitness,273.96,15.91081039512668,79.74636596325821,16.880252999216694,80.00945959257186,1684195200,0
2023-05-16 08:00:00,4532117045436,Walmart,gas_transport,569.39,15.911614925191442,79.74058351004285,15.947773424420525,79.8880924023655,1684224000,0
2023-05-16 16:00:00,4532117045436,Walmart,gas_transport,607.28,15.922793694382822,79.73255215793273,15.593017736277934,79.92760847857858,1684252800,0
2023-05-17 00:00:00,4532117045436,Netflix,grocery_pos,501.54,15.907828921058675,79.72302902615013,15.411664034197052,80.41700957118576,1684281600,0
2023-05-17 08:00:00,4532117045436,Netflix,food_dining,393.52,15.901189581458242,79.73354430571351,15.362003401040054,80.08444546624581,1684310400,0
2023-05-17 16:00:00,4532117045436,Apollo,grocery_pos,344.22,15.92497809308461,79.76678109873637,16.537790350701805,79.66909918750196,1684339200,0
2023-05-18 00:00:00,4532117045436,Zomato,shopping_net,344.46,15.909733499707388,79.73514348823909,15.155352328522175,79.14805741197374,1684368000,0
2023-05-18 08:00:00,4532117045436,Apollo,grocery_pos,803.61,15.92168643509726,79.72040609773909,16.5217742428256,79.38272649576456,1684396800,0
2023-05-18 16:00:00,4532117045436,Zomato,gas_transport,590.68,15.920521984007923,79.74732649360729,15.478679485373926,79.60914746616088,1684425600,0
2023-05-19 00:00:00,4532117045436,Apollo,travel,323.98,15.912601095260978,79.74855460008682,15.570296901070298,80.15456491366805,1684454400,0
2023-05-19 08:00:00,4532117045436,Shell,grocery_pos,474.7,15.911156862949653,79.75287324390152,15.83712227249501,79.72633403294695,1684483200,0
2023-05-19 16:00:00,4532117045436,Netflix,food_dining,395.62,15.908984351936702,79.74470978503706,15.561072725216745,79.41190202255578,1684512000,0
2023-05-20 00:00:00,4532117045436,Walmart,travel,537.57,15.9127480687123,79.74845601514467,16.37888987747979,79.37355355713638,1684540800,0
2023-05-20 08:00:00,4532117045436,Zomato,health_fitness,531.52,15.921531002261707,79.75840217134841,16.819571975991387,79.70521089553938,1684569600,0
2023-05-20 16:00:00,4532117045436,Zomato,entertainment,612.54,15.904935598189404,79.73254526507938,15.584183921223431,80.18499378110855,1684598400,0
2023-05-21 00:00:00,4532117045436,Walmart,grocery_pos,322.42,15.913988456302091,79.73056149294575,15.696781080417686,80.53550965288755,1684627200,0
2023-05-21 08:00:00,4532117045436,Apollo,food_dining,465.71,15.901713685718013,79.72905413460447,15.831239596358051,79.63711570098516,1684656000,0
2023-05-21 16:00:00,4532117045436,Zomato,travel,187.72,15.90295893766958,79.73734230413505,16.18342838174632,79.7176284096187,1684684800,0
2023-05-22 00:00:00,4532117045436,MakeMyTrip,food_dining,3760.12,15.912590610028444,79.75433422419825,27.7409389095463,78.88539302720821,1684713600,1
2023-05-22 08:00:00,4532117045436,Shell,health_fitness,582.62,15.893298419917063,79.74528068367746,16.606528705526298,80.70959628454973,1684742400,0
2023-05-22 16:00:00,4532117045436,Netflix,gas_transport,307.4,15.933505586166161,79.74488691952709,16.486211958280965,79.03949858092196,1684771200,0
2023-05-23 00:00:00,4532117045436,Walmart,food_dining,323.86,15.900969400450897,79.72180692071335,15.32016882320245,80.32583115589027,1684800000,0
2023-05-23 08:00:00,4532117045436,Netflix,travel,448.76,15.912499114873436,79.73306813172763,16.173384082787415,79.55733202349376,1684828800,0
2023-05-23 16:00:00,4532117045436,MakeMyTrip,food_dining,554.21,15.92458217721817,79.72164342367138,16.67306961865475,79.44031675307984,1684857600,0
2023-05-24 00:00:00,4532117045436,Zomato,food_dining,290.88,15.904270946612495,79.7517124578932,15.665509527116559,79.18499821405703,1684886400,0
2023-05-24 08:00:00,4532117045436,Zomato,food_dining,6077.8,15.889873030104553,79.75585646492885,28.748196497247793,77.42562497540462,1684915200,1
2023-05-24 16:00:00,4532117045436,MakeMyTrip,shopping_net,319.47,15.908450542398754,79.7477956672724,15.648881501073523,79.85074581163919,1684944000,0
2023-05-25 00:00:00,4532117045436,Walmart,shopping_net,630.84,15.904151796199239,79.7301321395426,15.659362192238248,79.75064021855202,1684972800,0
2023-05-25 08:00:00,4532117045436,Shell,gas_transport,501.47,15.89013626491408,79.75482022493615,15.078674224044477,80.18336617977727,1685001600,0
2023-05-25 16:00:00,4532117045436,Amazon,grocery_pos,648.58,15.915748898925722,79.73746745089974,15.248742524267476,79.41458363718502,1685030400,0
2023-05-26 00:00:00,4532117045436,Walmart,food_dining,280.23,15.91497093862233,79.72785540719246,15.951636859368616,79.7409229776155,1685059200,0
2023-05-26 08:00:00,4532117045436,Amazon,health_fitness,204.09,15.924323264545384,79.73035595745388,16.669698987326388,79.76816814340606,1685088000,0
2023-05-26 16:00:00,4532117045436,MakeMyTrip,grocery_pos,519.38,15.901691776344796,79.73569843364407,15.606219593740859,79.48392713382593,1685116800,0
2023-05-27 00:00:00,4532117045436,Apollo,health_fitness,486.0,15.89690863513553,79.74049578520484,15.591521348525722,80.33981903959295,1685145600,0
2023-05-27 08:00:00,4532117045436,Amazon,grocery_pos,495.83,15.908832769169535,79.73838655788347,16.763660535210366,79.63067279425205,1685174400,0
2023-05-27 16:00:00,4532117045436,Shell,gas_transport,589.95,15.91201657340991,79.72587331581829,15.358771269092006,78.96343397331557,1685203200,0
2023-05-28 00:00:00,4532117045436,Apollo,food_dining,513.25,15.922113496029866,79.75213316409184,15.082278418646789,79.58925131823956,1685232000,0
2023-05-28 08:00:00,4532117045436,Amazon,food_dining,510.84,15.927005680050051,79.73849394080563,15.49864228193125,79.86458933585695,1685260800,0
2023-05-28 16:00:00,4532117045436,MakeMyTrip,entertainment,557.25,15.925044791339074,79.73286246143729,15.581507760602818,79.2932533830562,1685289600,0
2023-05-29 00:00:00,4532117045436,Apollo,health_fitness,525.36,15.915665436668927,79.75110302361982,15.039173457652467,79.33270260341477,1685318400,0
2023-05-29 08:00:00,4532117045436,MakeMyTrip,grocery_pos,578.62,15.920894992535041,79.72816593811733,15.848879146862695,79.46687048093698,1685347200,0
2023-05-29 16:00:00,4532117045436,Amazon,grocery_pos,601.28,15.906495065652308,79.72371109816424,16.387123174930768,80.35061783003347,1685376000,0
2023-05-30 00:00:00,4532117045436,MakeMyTrip,shopping_net,679.75,15.914583951924753,79.75272487446598,15.269922613142587,79.49642098867714,1685404800,0
2023-05-30 08:00:00,4532117045436,Shell,entertainment,352.62,15.900987098607123,79.75891387849549,15.956689109476795,80.45455850927551,1685433600,0
2023-05-30 16:00:00,4532117045436,Amazon,travel,522.08,15.91352685396887,79.73537903981348,16.110867837813387,79.43252478092583,1685462400,0
2023-05-31 00:00:00,4532117045436,Amazon,travel,394.45,15.913786466973981,79.73954029992082,15.871207862362853,79.90250706812827,1685491200,0
2023-05-31 08:00:00,4532117045436,Amazon,shopping_net,324.97,15.93012128605685,79.72853335285478,16.00574629487053,79.51687866289012,1685520000,0
2023-05-31 16:00:00,4532117045436,Walmart,shopping_net,346.57,15.910610171385098,79.74005492550243,16.011563631297605,80.11704158514523,1685548800,0
2023-06-01 00:00:00,4532117045436,Walmart,shopping_net,524.24,15.913800428376533,79.73524294736268,15.506536021540784,79.18086292271735,1685577600,0
2023-06-01 08:00:00,4532117045436,Walmart,health_fitness,512.74,15.91526961415712,79.73897871559964,16.662191286005935,80.1114297397886,1685606400,0
2023-06-01 16:00:00,4532117045436,Shell,health_fitness,510.06,15.908351796841115,79.74409258387597,16.536778417038107,79.79693470015484,1685635200,0
2023-06-02 00:00:00,4532117045436,Apollo,gas_transport,416.14,15.904875072667885,79.72901854521969,16.507855698620585,79.42000409161128,1685664000,0
2023-06-02 08:00:00,4532117045436,MakeMyTrip,gas_transport,450.51,15.92588811324847,79.73638188660767,16.41973787027193,79.65688925764492,1685692800,0
2023-06-02 16:00:00,4532117045436,Zomato,shopping_net,572.66,15.903090825570397,79.72196218578222,15.125410265283488,80.50692747051609,1685721600,0
2023-06-03 00:00:00,4532117045436,Amazon,entertainment,226.59,15.899620819283127,79.73645012715886,16.375931188905984,79.80892225244038,1685750400,0
2023-06-03 08:00:00,4532117045436,MakeMyTrip,grocery_pos,453.7,15.919702653792955,79.73906565929083,16.240700713774753,79.38863599204367,1685779200,0
2023-06-03 16:00:00,4532117045436,Amazon,health_fitness,463.49,15.92447814842024,79.7422898242506,15.14463819252811,79.13765335858594,1685808000,0
2023-06-04 00:00:00,4532117045436,Shell,entertainment,563.0,15.908385903423994,79.74239576540363,15.805444822424962,79.9927021367155,1685836800,0
2023-06-04 08:00:00,4532117045436,Amazon,food_dining,247.46,15.908539465123502,79.74903922750737,16.051296724662645,79.83792262350534,1685865600,0
2023-06-04 16:00:00,4532117045436,Walmart,health_fitness,674.27,15.915725435261068,79.72460333480726,16.745058549062318,80.08751034754411,1685894400,0
2023-06-05 00:00:00,4532117045436,Zomato,health_fitness,482.04,15.90582147323257,79.7251372297005,16.27526192894713,79.00888763015507,1685923200,0
2023-06-05 08:00:00,4532117045436,Netflix,gas_transport,489.99,15.90508287479388,79.74528957936393,15.48061713636085,79.15386977355425,1685952000,0
2023-06-05 16:00:00,4532117045436,Amazon,grocery_pos,389.79,15.921695925879865,79.71961038722993,16.760594229225983,80.31343959962595,1685980800,0
2023-06-06 00:00:00,4532117045436,MakeMyTrip,grocery_pos,530.7,15.918971311007837,79.74183300212104,15.934789881356945,79.90567082338967,1686009600,0
2023-06-06 08:00:00,4532117045436,Walmart,travel,457.19,15.926011588863181,79.7281970706041,15.784979431548454,80.00670042561877,1686038400,0
2023-06-06 16:00:00,4532117045436,Netflix,travel,631.35,15.900374109876346,79.75572814640917,15.749340901705594,79.25865648394601,1686067200,0
2023-06-07 00:00:00,4532117045436,Zomato,travel,233.78,15.907875375130894,79.74250452407728,15.101122380988434,79.24950640083553,1686096000,0
2023-06-07 08:00:00,4532117045436,Netflix,travel,476.33,15.915711795622695,79.73780843980286,15.85801524809193,80.23562932909604,1686124800,0
2023-06-07 16:00:00,4532117045436,Walmart,food_dining,511.28,15.903643791502256,79.75227720877139,16.161642628652828,80.25918882738257,1686153600,0
2023-06-08 00:00:00,4532117045436,Apollo,food_dining,422.04,15.919316874371548,79.72936597993429,15.720208336237393,79.19584025648547,1686182400,0
2023-06-08 08:00:00,4532117045436,Apollo,health_fitness,389.3,15.925146270872263,79.73126590365912,16.12312623862378,79.10031475207357,1686211200,0
2023-06-08 16:00:00,4532117045436,Netflix,shopping_net,395.56,15.907066420277728,79.72738545166344,15.48070446454291,79.68570351464378,1686240000,0
2023-06-09 00:00:00,4532117045436,Shell,gas_transport,476.2,15.91328591940227,79.7313496077365,15.842436042861191,79.34032577331199,1686268800,0
2023-06-09 08:00:00,4532117045436,MakeMyTrip,gas_transport,178.51,15.927456186900812,79.74061115609366,16.071170163304316,79.32991156047699,1686297600,0
2023-06-09 16:00:00,4532117045436,MakeMyTrip,travel,594.75,15.93089271575019,79.74493951871993,16.00773043853171,79.1143108767863,1686326400,0
2023-06-10 00:00:00,4532117045436,Netflix,health_fitness,377.98,15.920358012510604,79.74961421685367,15.110167455140477,79.50578307585981,1686355200,0
2023-06-10 08:00:00,4532117045436,Amazon,entertainment,469.17,15.918834291731937,79.72175275953099,15.693397024564387,79.16265262868356,1686384000,0
2023-06-10 16:00:00,4532117045436,Amazon,shopping_net,505.07,15.904362634653152,79.73828137013537,16.751631465156304,79.19229954849537,1686412800,0
2023-06-11 00:00:00,4532117045436,MakeMyTrip,health_fitness,371.13,15.916492094004578,79.72891835468809,15.666676962834742,79.88919592328315,1686441600,0
2023-06-11 08:00:00,4532117045436,MakeMyTrip,shopping_net,430.34,15.91846820840775,79.73794712908511,15.92080377205592,79.7124008828563,1686470400,0
2023-06-11 16:00:00,4532117045436,Apollo,shopping_net,144.71,15.91079629841439,79.76334163580127,15.869522124725528,79.98243934076606,1686499200,0
2023-06-12 00:00:00,4532117045436,Shell,shopping_net,559.82,15.906952237454444,79.74291861761999,16.697019879459827,78.91548328232534,1686528000,0
2023-06-12 08:00:00,4532117045436,Walmart,health_fitness,612.01,15.900087023265232,79.74899464971148,16.558084061097336,79.74494030491488,1686556800,0
2023-06-12 16:00:00,4532117045436,Amazon,travel,194.85,15.895522702449487,79.75960691272161,16.316665499909405,80.77781877108292,1686585600,0
2023-06-13 00:00:00,4532117045436,MakeMyTrip,gas_transport,389.03,15.893421164866789,79.75127358243174,15.426278843313733,79.5538637578572,1686614400,0
2023-06-13 08:00:00,4532117045436,Apollo,gas_transport,265.52,15.918694425728674,79.73552085520312,16.092491524596042,80.15237450328614,1686643200,0
2023-06-13 16:00:00,4532117045436,Zomato,travel,423.34,15.914376993252269,79.7272416791343,16.196870871537566,80.14800342438721,1686672000,0
2023-06-14 00:00:00,4532117045436,Apollo,shopping_net,547.3,15.908061888684589,79.73969855730479,15.563597582201973,80.17259930400063,1686700800,0
2023-06-14 08:00:00,4532117045436,Amazon,entertainment,598.1,15.909585437022754,79.7343229421578,15.477641447076156,79.82333084352865,1686729600,0
2023-06-14 16:00:00,4532117045436,Amazon,grocery_pos,618.28,15.915004705415305,79.7247547871338,16.765407073603516,80.02304299137211,1686758400,0
2023-06-15 00:00:00,4532117045436,Apollo,health_fitness,646.58,15.911254369289914,79.7424092499729,15.762498343891536,80.0895068100065,1686787200,0
2023-06-15 08:00:00,4532117045436,Walmart,grocery_pos,416.64,15.899494468199963,79.74265886298059,16.720388409455573,80.05772301415718,1686816000,0
2023-06-15 16:00:00,4532117045436,Netflix,travel,277.96,15.922030002202744,79.75769116700263,16.411446877747267,79.1812909132433,1686844800,0
2023-06-16 00:00:00,4532117045436,Amazon,entertainment,432.81,15.915941261706699,79.73638236931163,16.11683839118766,78.886307758728,1686873600,0
2023-06-16 08:00:00,4532117045436,Apollo,health_fitness,544.99,15.915558984798139,79.74280121388969,16.139165718179743,78.96320822829259,1686902400,0
